1,A,1 Hosteter Avenue,1,1,$,1,restaurantsite.com
2,B,2 Hosteter Avenue,1,1,$,2,restaurantsite.com
3,C,3 Hosteter Avenue,1,1,$,3,restaurantsite.com
4,D,4 Hosteter Avenue,1,1,$$,1,restaurantsite.com
5,E,5 Hosteter Avenue,1,1,$$,2,restaurantsite.com
6,F,6 Hosteter Avenue,1,1,$$,3,restaurantsite.com
7,G,7 Hosteter Avenue,1,1,$$$,1,restaurantsite.com
8,H,8 Hosteter Avenue,1,1,$$$,2,restaurantsite.com
9,I,9 Hosteter Avenue,1,1,$$$,3,restaurantsite.com
10,J,10 Hosteter Avenue,1,1,$$$$,1,restaurantsite.com
11,K,11 Hosteter Avenue,1,1,$$$$,2,restaurantsite.com
12,L,12 Hosteter Avenue,1,1,$$$$,3,restaurantsite.com
13,M,13 Hosteter Avenue,1,1,$$$$$,1,restaurantsite.com
14,N,14 Hosteter Avenue,1,1,$$$$$,2,restaurantsite.com
15,O,15 Hosteter Avenue,1,1,$$$$$,3,restaurantsite.com
16,P,16 Hosteter Avenue,1,2,$,1,restaurantsite.com
17,Q,17 Hosteter Avenue,1,2,$,2,restaurantsite.com
18,R,18 Hosteter Avenue,1,2,$,3,restaurantsite.com
19,S,19 Hosteter Avenue,1,2,$$,1,restaurantsite.com
20,T,20 Hosteter Avenue,1,2,$$,2,restaurantsite.com
21,U,21 Hosteter Avenue,1,2,$$,3,restaurantsite.com
22,V,22 Hosteter Avenue,1,2,$$$,1,restaurantsite.com
23,W,23 Hosteter Avenue,1,2,$$$,2,restaurantsite.com
24,X,24 Hosteter Avenue,1,2,$$$,3,restaurantsite.com
25,Y,25 Hosteter Avenue,1,2,$$$$,1,restaurantsite.com
26,Z,26 Hosteter Avenue,1,2,$$$$,2,restaurantsite.com
27,AA,27 Hosteter Avenue,1,2,$$$$,3,restaurantsite.com
28,BB,28 Hosteter Avenue,1,2,$$$$$,1,restaurantsite.com
29,CC,29 Hosteter Avenue,1,2,$$$$$,2,restaurantsite.com
30,DD,30 Hosteter Avenue,1,2,$$$$$,3,restaurantsite.com
31,EE,31 Hosteter Avenue,1,3,$,1,restaurantsite.com
32,F,32 Hosteter Avenue,1,3,$,2,restaurantsite.com
33,G,33 Hosteter Avenue,1,3,$,3,restaurantsite.com
34,H,34 Hosteter Avenue,1,3,$$,1,restaurantsite.com
35,I,35 Hosteter Avenue,1,3,$$,2,restaurantsite.com
36,JJ,36 Hosteter Avenue,1,3,$$,3,restaurantsite.com
37,KK,37 Hosteter Avenue,1,3,$$$,1,restaurantsite.com
38,LL,38 Hosteter Avenue,1,3,$$$,2,restaurantsite.com
39,MM,39 Hosteter Avenue,1,3,$$$,3,restaurantsite.com
40,NN,40 Hosteter Avenue,1,3,$$$$,1,restaurantsite.com
41,OO,41 Hosteter Avenue,1,3,$$$$,2,restaurantsite.com
42,PP,42 Hosteter Avenue,1,3,$$$$,3,restaurantsite.com
43,Q,43 Hosteter Avenue,1,3,$$$$$,1,restaurantsite.com
44,RR,44 Hosteter Avenue,1,3,$$$$$,2,restaurantsite.com
45,SS,45 Hosteter Avenue,1,3,$$$$$,3,restaurantsite.com
46,TT,46 Hosteter Avenue,1,4,$,1,restaurantsite.com
47,UU,47 Hosteter Avenue,1,4,$,2,restaurantsite.com
48,V,48 Hosteter Avenue,1,4,$,3,restaurantsite.com
49,WW,49 Hosteter Avenue,1,4,$$,1,restaurantsite.com
50,X,50 Hosteter Avenue,1,4,$$,2,restaurantsite.com
51,Y,51 Hosteter Avenue,1,4,$$,3,restaurantsite.com
52,Z,52 Hosteter Avenue,1,4,$$$,1,restaurantsite.com
53,AAA,53 Hosteter Avenue,1,4,$$$,2,restaurantsite.com
54,BBB,54 Hosteter Avenue,1,4,$$$,3,restaurantsite.com
55,CCC,55 Hosteter Avenue,1,4,$$$$,1,restaurantsite.com
56,DDD,56 Hosteter Avenue,1,4,$$$$,2,restaurantsite.com
57,EEE,57 Hosteter Avenue,1,4,$$$$,3,restaurantsite.com
58,FFF,58 Hosteter Avenue,1,4,$$$$$,1,restaurantsite.com
59,GGG,59 Hosteter Avenue,1,4,$$$$$,2,restaurantsite.com
60,HHH,60 Hosteter Avenue,1,4,$$$$$,3,restaurantsite.com
61,III,61 Hosteter Avenue,1,5,$,1,restaurantsite.com
62,JJJ,62 Hosteter Avenue,1,5,$,2,restaurantsite.com
63,LLL,63 Hosteter Avenue,1,5,$,3,restaurantsite.com
64,MMM,64 Hosteter Avenue,1,5,$$,1,restaurantsite.com
65,NNM,65 Hosteter Avenue,1,5,$$,2,restaurantsite.com
66,OOO,66 Hosteter Avenue,1,5,$$,3,restaurantsite.com
67,PPP,67 Hosteter Avenue,1,5,$$$,1,restaurantsite.com
68,QQQ,68 Hosteter Avenue,1,5,$$$,2,restaurantsite.com
69,RRR,69 Hosteter Avenue,1,5,$$$,3,restaurantsite.com
70,SSS,70 Hosteter Avenue,1,5,$$$$,1,restaurantsite.com
71,TTT,71 Hosteter Avenue,1,5,$$$$,2,restaurantsite.com
72,UUU,72 Hosteter Avenue,1,5,$$$$,3,restaurantsite.com
73,VVV,73 Hosteter Avenue,1,5,$$$$$,1,restaurantsite.com
74,WWW,74 Hosteter Avenue,1,5,$$$$$,2,restaurantsite.com
75,XXX,75 Hosteter Avenue,1,5,$$$$$,3,restaurantsite.com
76,YYY,76 Hosteter Avenue,2,1,$,1,restaurantsite.com
77,ZZZ,77 Hosteter Avenue,2,1,$,2,restaurantsite.com
78,AAAA,78 Hosteter Avenue,2,1,$,3,restaurantsite.com
79,BBBB,79 Hosteter Avenue,2,1,$$,1,restaurantsite.com
80,CCCC,80 Hosteter Avenue,2,1,$$,2,restaurantsite.com
81,DDDD,81 Hosteter Avenue,2,1,$$,3,restaurantsite.com
82,EEEE,82 Hosteter Avenue,2,1,$$$,1,restaurantsite.com
83,FFFF,83 Hosteter Avenue,2,1,$$$,2,restaurantsite.com
84,GGGG,84 Hosteter Avenue,2,1,$$$,3,restaurantsite.com
85,HHHH,85 Hosteter Avenue,2,1,$$$$,1,restaurantsite.com
86,IIII,86 Hosteter Avenue,2,1,$$$$,2,restaurantsite.com
87,JJJJ,87 Hosteter Avenue,2,1,$$$$,3,restaurantsite.com
88,LLLL,88 Hosteter Avenue,2,1,$$$$$,1,restaurantsite.com
89,MMMM,89 Hosteter Avenue,2,1,$$$$$,2,restaurantsite.com
90,NNNN,90 Hosteter Avenue,2,1,$$$$$,3,restaurantsite.com
91,OOOO,91 Hosteter Avenue,2,2,$,1,restaurantsite.com
92,PPPP,92 Hosteter Avenue,2,2,$,2,restaurantsite.com
93,QQQQ,93 Hosteter Avenue,2,2,$,3,restaurantsite.com
94,RRRR,94 Hosteter Avenue,2,2,$$,1,restaurantsite.com
95,SSSS,95 Hosteter Avenue,2,2,$$,2,restaurantsite.com
96,TTTT,96 Hosteter Avenue,2,2,$$,3,restaurantsite.com
97,UUUU,97 Hosteter Avenue,2,2,$$$,1,restaurantsite.com
98,VVVV,98 Hosteter Avenue,2,2,$$$,2,restaurantsite.com
99,WWWW,99 Hosteter Avenue,2,2,$$$,3,restaurantsite.com
100,XXXX,100 Hosteter Avenue,2,2,$$$$,1,restaurantsite.com
101,YYYY,101 Hosteter Avenue,2,2,$$$$,2,restaurantsite.com
102,ZZZZ,102 Hosteter Avenue,2,2,$$$$,3,restaurantsite.com
103,AAAAA,103 Hosteter Avenue,2,2,$$$$$,1,restaurantsite.com
104,BBBBB,104 Hosteter Avenue,2,2,$$$$$,2,restaurantsite.com
105,CCCCC,105 Hosteter Avenue,2,2,$$$$$,3,restaurantsite.com
106,DDDDD,106 Hosteter Avenue,2,3,$,1,restaurantsite.com
107,EEEEE,107 Hosteter Avenue,2,3,$,2,restaurantsite.com
108,FFFFF,108 Hosteter Avenue,2,3,$,3,restaurantsite.com
109,GGGGG,109 Hosteter Avenue,2,3,$$,1,restaurantsite.com
110,HHHHH,110 Hosteter Avenue,2,3,$$,2,restaurantsite.com
111,IIIIII,111 Hosteter Avenue,2,3,$$,3,restaurantsite.com
112,JJJJJJ,112 Hosteter Avenue,2,3,$$$,1,restaurantsite.com
113,LLLLL,113 Hosteter Avenue,2,3,$$$,2,restaurantsite.com
114,MMMMM,114 Hosteter Avenue,2,3,$$$,3,restaurantsite.com
115,NNNNN,115 Hosteter Avenue,2,3,$$$$,1,restaurantsite.com
116,OOOOO,116 Hosteter Avenue,2,3,$$$$,2,restaurantsite.com
117,PPPPP,117 Hosteter Avenue,2,3,$$$$,3,restaurantsite.com
118,QQQQQ,118 Hosteter Avenue,2,3,$$$$$,1,restaurantsite.com
119,RRRRR,119 Hosteter Avenue,2,3,$$$$$,2,restaurantsite.com
120,SSSSS,120 Hosteter Avenue,2,3,$$$$$,3,restaurantsite.com
121,TTTTT,121 Hosteter Avenue,2,4,$,1,restaurantsite.com
122,UUUUU,122 Hosteter Avenue,2,4,$,2,restaurantsite.com
123,VVVVV,123 Hosteter Avenue,2,4,$,3,restaurantsite.com
124,WWWWW,124 Hosteter Avenue,2,4,$$,1,restaurantsite.com
125,XXXXX,125 Hosteter Avenue,2,4,$$,2,restaurantsite.com
126,YYYYY,126 Hosteter Avenue,2,4,$$,3,restaurantsite.com
127,ZZZZZ,127 Hosteter Avenue,2,4,$$$,1,restaurantsite.com
128,A,128 Hosteter Avenue,2,4,$$$,2,restaurantsite.com
129,B,129 Hosteter Avenue,2,4,$$$,3,restaurantsite.com
130,C,130 Hosteter Avenue,2,4,$$$$,1,restaurantsite.com
131,D,131 Hosteter Avenue,2,4,$$$$,2,restaurantsite.com
132,E,132 Hosteter Avenue,2,4,$$$$,3,restaurantsite.com
133,F,133 Hosteter Avenue,2,4,$$$$$,1,restaurantsite.com
134,G,134 Hosteter Avenue,2,4,$$$$$,2,restaurantsite.com
135,H,135 Hosteter Avenue,2,4,$$$$$,3,restaurantsite.com
136,I,136 Hosteter Avenue,2,5,$,1,restaurantsite.com
137,J,137 Hosteter Avenue,2,5,$,2,restaurantsite.com
138,K,138 Hosteter Avenue,2,5,$,3,restaurantsite.com
139,L,139 Hosteter Avenue,2,5,$$,1,restaurantsite.com
140,M,140 Hosteter Avenue,2,5,$$,2,restaurantsite.com
141,N,141 Hosteter Avenue,2,5,$$,3,restaurantsite.com
142,O,142 Hosteter Avenue,2,5,$$$,1,restaurantsite.com
143,P,143 Hosteter Avenue,2,5,$$$,2,restaurantsite.com
144,Q,144 Hosteter Avenue,2,5,$$$,3,restaurantsite.com
145,R,145 Hosteter Avenue,2,5,$$$$,1,restaurantsite.com
146,S,146 Hosteter Avenue,2,5,$$$$,2,restaurantsite.com
147,T,147 Hosteter Avenue,2,5,$$$$,3,restaurantsite.com
148,U,148 Hosteter Avenue,2,5,$$$$$,1,restaurantsite.com
149,V,149 Hosteter Avenue,2,5,$$$$$,2,restaurantsite.com
150,W,150 Hosteter Avenue,2,5,$$$$$,3,restaurantsite.com
151,X,151 Hosteter Avenue,3,1,$,1,restaurantsite.com
152,Y,152 Hosteter Avenue,3,1,$,2,restaurantsite.com
153,Z,153 Hosteter Avenue,3,1,$,3,restaurantsite.com
154,AA,154 Hosteter Avenue,3,1,$$,1,restaurantsite.com
155,BB,155 Hosteter Avenue,3,1,$$,2,restaurantsite.com
156,CC,156 Hosteter Avenue,3,1,$$,3,restaurantsite.com
157,DD,157 Hosteter Avenue,3,1,$$$,1,restaurantsite.com
158,EE,158 Hosteter Avenue,3,1,$$$,2,restaurantsite.com
159,F,159 Hosteter Avenue,3,1,$$$,3,restaurantsite.com
160,G,160 Hosteter Avenue,3,1,$$$$,1,restaurantsite.com
161,H,161 Hosteter Avenue,3,1,$$$$,2,restaurantsite.com
162,I,162 Hosteter Avenue,3,1,$$$$,3,restaurantsite.com
163,JJ,163 Hosteter Avenue,3,1,$$$$$,1,restaurantsite.com
164,KK,164 Hosteter Avenue,3,1,$$$$$,2,restaurantsite.com
165,LL,165 Hosteter Avenue,3,1,$$$$$,3,restaurantsite.com
166,MM,166 Hosteter Avenue,3,2,$,1,restaurantsite.com
167,NN,167 Hosteter Avenue,3,2,$,2,restaurantsite.com
168,OO,168 Hosteter Avenue,3,2,$,3,restaurantsite.com
169,PP,169 Hosteter Avenue,3,2,$$,1,restaurantsite.com
170,Q,170 Hosteter Avenue,3,2,$$,2,restaurantsite.com
171,RR,171 Hosteter Avenue,3,2,$$,3,restaurantsite.com
172,SS,172 Hosteter Avenue,3,2,$$$,1,restaurantsite.com
173,TT,173 Hosteter Avenue,3,2,$$$,2,restaurantsite.com
174,UU,174 Hosteter Avenue,3,2,$$$,3,restaurantsite.com
175,V,175 Hosteter Avenue,3,2,$$$$,1,restaurantsite.com
176,WW,176 Hosteter Avenue,3,2,$$$$,2,restaurantsite.com
177,X,177 Hosteter Avenue,3,2,$$$$,3,restaurantsite.com
178,Y,178 Hosteter Avenue,3,2,$$$$$,1,restaurantsite.com
179,Z,179 Hosteter Avenue,3,2,$$$$$,2,restaurantsite.com
180,AAA,180 Hosteter Avenue,3,2,$$$$$,3,restaurantsite.com
181,BBB,181 Hosteter Avenue,3,3,$,1,restaurantsite.com
182,CCC,182 Hosteter Avenue,3,3,$,2,restaurantsite.com
183,DDD,183 Hosteter Avenue,3,3,$,3,restaurantsite.com
184,EEE,184 Hosteter Avenue,3,3,$$,1,restaurantsite.com
185,FFF,185 Hosteter Avenue,3,3,$$,2,restaurantsite.com
186,GGG,186 Hosteter Avenue,3,3,$$,3,restaurantsite.com
187,HHH,187 Hosteter Avenue,3,3,$$$,1,restaurantsite.com
188,III,188 Hosteter Avenue,3,3,$$$,2,restaurantsite.com
189,JJJ,189 Hosteter Avenue,3,3,$$$,3,restaurantsite.com
190,LLL,190 Hosteter Avenue,3,3,$$$$,1,restaurantsite.com
191,MMM,191 Hosteter Avenue,3,3,$$$$,2,restaurantsite.com
192,NNM,192 Hosteter Avenue,3,3,$$$$,3,restaurantsite.com
193,OOO,193 Hosteter Avenue,3,3,$$$$$,1,restaurantsite.com
194,PPP,194 Hosteter Avenue,3,3,$$$$$,2,restaurantsite.com
195,QQQ,195 Hosteter Avenue,3,3,$$$$$,3,restaurantsite.com
196,RRR,196 Hosteter Avenue,3,4,$,1,restaurantsite.com
197,SSS,197 Hosteter Avenue,3,4,$,2,restaurantsite.com
198,TTT,198 Hosteter Avenue,3,4,$,3,restaurantsite.com
199,UUU,199 Hosteter Avenue,3,4,$$,1,restaurantsite.com
200,VVV,200 Hosteter Avenue,3,4,$$,2,restaurantsite.com
201,WWW,201 Hosteter Avenue,3,4,$$,3,restaurantsite.com
202,XXX,202 Hosteter Avenue,3,4,$$$,1,restaurantsite.com
203,YYY,203 Hosteter Avenue,3,4,$$$,2,restaurantsite.com
204,ZZZ,204 Hosteter Avenue,3,4,$$$,3,restaurantsite.com
205,AAAA,205 Hosteter Avenue,3,4,$$$$,1,restaurantsite.com
206,BBBB,206 Hosteter Avenue,3,4,$$$$,2,restaurantsite.com
207,CCCC,207 Hosteter Avenue,3,4,$$$$,3,restaurantsite.com
208,DDDD,208 Hosteter Avenue,3,4,$$$$$,1,restaurantsite.com
209,EEEE,209 Hosteter Avenue,3,4,$$$$$,2,restaurantsite.com
210,FFFF,210 Hosteter Avenue,3,4,$$$$$,3,restaurantsite.com
211,GGGG,211 Hosteter Avenue,3,5,$,1,restaurantsite.com
212,HHHH,212 Hosteter Avenue,3,5,$,2,restaurantsite.com
213,IIII,213 Hosteter Avenue,3,5,$,3,restaurantsite.com
214,JJJJ,214 Hosteter Avenue,3,5,$$,1,restaurantsite.com
215,LLLL,215 Hosteter Avenue,3,5,$$,2,restaurantsite.com
216,MMMM,216 Hosteter Avenue,3,5,$$,3,restaurantsite.com
217,NNNN,217 Hosteter Avenue,3,5,$$$,1,restaurantsite.com
218,OOOO,218 Hosteter Avenue,3,5,$$$,2,restaurantsite.com
219,PPPP,219 Hosteter Avenue,3,5,$$$,3,restaurantsite.com
220,QQQQ,220 Hosteter Avenue,3,5,$$$$,1,restaurantsite.com
221,RRRR,221 Hosteter Avenue,3,5,$$$$,2,restaurantsite.com
222,SSSS,222 Hosteter Avenue,3,5,$$$$,3,restaurantsite.com
223,TTTT,223 Hosteter Avenue,3,5,$$$$$,1,restaurantsite.com
224,UUUU,224 Hosteter Avenue,3,5,$$$$$,2,restaurantsite.com
225,VVVV,225 Hosteter Avenue,3,5,$$$$$,3,restaurantsite.com
226,WWWW,226 Hosteter Avenue,4,1,$,1,restaurantsite.com
227,XXXX,227 Hosteter Avenue,4,1,$,2,restaurantsite.com
228,YYYY,228 Hosteter Avenue,4,1,$,3,restaurantsite.com
229,ZZZZ,229 Hosteter Avenue,4,1,$$,1,restaurantsite.com
230,AAAAA,230 Hosteter Avenue,4,1,$$,2,restaurantsite.com
231,BBBBB,231 Hosteter Avenue,4,1,$$,3,restaurantsite.com
232,CCCCC,232 Hosteter Avenue,4,1,$$$,1,restaurantsite.com
233,DDDDD,233 Hosteter Avenue,4,1,$$$,2,restaurantsite.com
234,EEEEE,234 Hosteter Avenue,4,1,$$$,3,restaurantsite.com
235,FFFFF,235 Hosteter Avenue,4,1,$$$$,1,restaurantsite.com
236,GGGGG,236 Hosteter Avenue,4,1,$$$$,2,restaurantsite.com
237,HHHHH,237 Hosteter Avenue,4,1,$$$$,3,restaurantsite.com
238,IIIIII,238 Hosteter Avenue,4,1,$$$$$,1,restaurantsite.com
239,JJJJJJ,239 Hosteter Avenue,4,1,$$$$$,2,restaurantsite.com
240,LLLLL,240 Hosteter Avenue,4,1,$$$$$,3,restaurantsite.com
241,MMMMM,241 Hosteter Avenue,4,2,$,1,restaurantsite.com
242,NNNNN,242 Hosteter Avenue,4,2,$,2,restaurantsite.com
243,OOOOO,243 Hosteter Avenue,4,2,$,3,restaurantsite.com
244,PPPPP,244 Hosteter Avenue,4,2,$$,1,restaurantsite.com
245,QQQQQ,245 Hosteter Avenue,4,2,$$,2,restaurantsite.com
246,RRRRR,246 Hosteter Avenue,4,2,$$,3,restaurantsite.com
247,SSSSS,247 Hosteter Avenue,4,2,$$$,1,restaurantsite.com
248,TTTTT,248 Hosteter Avenue,4,2,$$$,2,restaurantsite.com
249,UUUUU,249 Hosteter Avenue,4,2,$$$,3,restaurantsite.com
250,VVVVV,250 Hosteter Avenue,4,2,$$$$,1,restaurantsite.com
251,WWWWW,251 Hosteter Avenue,4,2,$$$$,2,restaurantsite.com
252,XXXXX,252 Hosteter Avenue,4,2,$$$$,3,restaurantsite.com
253,YYYYY,253 Hosteter Avenue,4,2,$$$$$,1,restaurantsite.com
254,ZZZZZ,254 Hosteter Avenue,4,2,$$$$$,2,restaurantsite.com
255,A,255 Hosteter Avenue,4,2,$$$$$,3,restaurantsite.com
256,B,256 Hosteter Avenue,4,3,$,1,restaurantsite.com
257,C,257 Hosteter Avenue,4,3,$,2,restaurantsite.com
258,D,258 Hosteter Avenue,4,3,$,3,restaurantsite.com
259,E,259 Hosteter Avenue,4,3,$$,1,restaurantsite.com
260,F,260 Hosteter Avenue,4,3,$$,2,restaurantsite.com
261,G,261 Hosteter Avenue,4,3,$$,3,restaurantsite.com
262,H,262 Hosteter Avenue,4,3,$$$,1,restaurantsite.com
263,I,263 Hosteter Avenue,4,3,$$$,2,restaurantsite.com
264,J,264 Hosteter Avenue,4,3,$$$,3,restaurantsite.com
265,K,265 Hosteter Avenue,4,3,$$$$,1,restaurantsite.com
266,L,266 Hosteter Avenue,4,3,$$$$,2,restaurantsite.com
267,M,267 Hosteter Avenue,4,3,$$$$,3,restaurantsite.com
268,N,268 Hosteter Avenue,4,3,$$$$$,1,restaurantsite.com
269,O,269 Hosteter Avenue,4,3,$$$$$,2,restaurantsite.com
270,P,270 Hosteter Avenue,4,3,$$$$$,3,restaurantsite.com
271,Q,271 Hosteter Avenue,4,4,$,1,restaurantsite.com
272,R,272 Hosteter Avenue,4,4,$,2,restaurantsite.com
273,S,273 Hosteter Avenue,4,4,$,3,restaurantsite.com
274,T,274 Hosteter Avenue,4,4,$$,1,restaurantsite.com
275,U,275 Hosteter Avenue,4,4,$$,2,restaurantsite.com
276,V,276 Hosteter Avenue,4,4,$$,3,restaurantsite.com
277,W,277 Hosteter Avenue,4,4,$$$,1,restaurantsite.com
278,X,278 Hosteter Avenue,4,4,$$$,2,restaurantsite.com
279,Y,279 Hosteter Avenue,4,4,$$$,3,restaurantsite.com
280,Z,280 Hosteter Avenue,4,4,$$$$,1,restaurantsite.com
281,AA,281 Hosteter Avenue,4,4,$$$$,2,restaurantsite.com
282,BB,282 Hosteter Avenue,4,4,$$$$,3,restaurantsite.com
283,CC,283 Hosteter Avenue,4,4,$$$$$,1,restaurantsite.com
284,DD,284 Hosteter Avenue,4,4,$$$$$,2,restaurantsite.com
285,EE,285 Hosteter Avenue,4,4,$$$$$,3,restaurantsite.com
286,F,286 Hosteter Avenue,4,5,$,1,restaurantsite.com
287,G,287 Hosteter Avenue,4,5,$,2,restaurantsite.com
288,H,288 Hosteter Avenue,4,5,$,3,restaurantsite.com
289,I,289 Hosteter Avenue,4,5,$$,1,restaurantsite.com
290,JJ,290 Hosteter Avenue,4,5,$$,2,restaurantsite.com
291,KK,291 Hosteter Avenue,4,5,$$,3,restaurantsite.com
292,LL,292 Hosteter Avenue,4,5,$$$,1,restaurantsite.com
293,MM,293 Hosteter Avenue,4,5,$$$,2,restaurantsite.com
294,NN,294 Hosteter Avenue,4,5,$$$,3,restaurantsite.com
295,OO,295 Hosteter Avenue,4,5,$$$$,1,restaurantsite.com
296,PP,296 Hosteter Avenue,4,5,$$$$,2,restaurantsite.com
297,Q,297 Hosteter Avenue,4,5,$$$$,3,restaurantsite.com
298,RR,298 Hosteter Avenue,4,5,$$$$$,1,restaurantsite.com
299,SS,299 Hosteter Avenue,4,5,$$$$$,2,restaurantsite.com
300,TT,300 Hosteter Avenue,4,5,$$$$$,3,restaurantsite.com
301,UU,301 Hosteter Avenue,5,1,$,1,restaurantsite.com
302,V,302 Hosteter Avenue,5,1,$,2,restaurantsite.com
303,WW,303 Hosteter Avenue,5,1,$,3,restaurantsite.com
304,X,304 Hosteter Avenue,5,1,$$,1,restaurantsite.com
305,Y,305 Hosteter Avenue,5,1,$$,2,restaurantsite.com
306,Z,306 Hosteter Avenue,5,1,$$,3,restaurantsite.com
307,AAA,307 Hosteter Avenue,5,1,$$$,1,restaurantsite.com
308,BBB,308 Hosteter Avenue,5,1,$$$,2,restaurantsite.com
309,CCC,309 Hosteter Avenue,5,1,$$$,3,restaurantsite.com
310,DDD,310 Hosteter Avenue,5,1,$$$$,1,restaurantsite.com
311,EEE,311 Hosteter Avenue,5,1,$$$$,2,restaurantsite.com
312,FFF,312 Hosteter Avenue,5,1,$$$$,3,restaurantsite.com
313,GGG,313 Hosteter Avenue,5,1,$$$$$,1,restaurantsite.com
314,HHH,314 Hosteter Avenue,5,1,$$$$$,2,restaurantsite.com
315,III,315 Hosteter Avenue,5,1,$$$$$,3,restaurantsite.com
316,JJJ,316 Hosteter Avenue,5,2,$,1,restaurantsite.com
317,LLL,317 Hosteter Avenue,5,2,$,2,restaurantsite.com
318,MMM,318 Hosteter Avenue,5,2,$,3,restaurantsite.com
319,NNM,319 Hosteter Avenue,5,2,$$,1,restaurantsite.com
320,OOO,320 Hosteter Avenue,5,2,$$,2,restaurantsite.com
321,PPP,321 Hosteter Avenue,5,2,$$,3,restaurantsite.com
322,QQQ,322 Hosteter Avenue,5,2,$$$,1,restaurantsite.com
323,RRR,323 Hosteter Avenue,5,2,$$$,2,restaurantsite.com
324,SSS,324 Hosteter Avenue,5,2,$$$,3,restaurantsite.com
325,TTT,325 Hosteter Avenue,5,2,$$$$,1,restaurantsite.com
326,UUU,326 Hosteter Avenue,5,2,$$$$,2,restaurantsite.com
327,VVV,327 Hosteter Avenue,5,2,$$$$,3,restaurantsite.com
328,WWW,328 Hosteter Avenue,5,2,$$$$$,1,restaurantsite.com
329,XXX,329 Hosteter Avenue,5,2,$$$$$,2,restaurantsite.com
330,YYY,330 Hosteter Avenue,5,2,$$$$$,3,restaurantsite.com
331,ZZZ,331 Hosteter Avenue,5,3,$,1,restaurantsite.com
332,AAAA,332 Hosteter Avenue,5,3,$,2,restaurantsite.com
333,BBBB,333 Hosteter Avenue,5,3,$,3,restaurantsite.com
334,CCCC,334 Hosteter Avenue,5,3,$$,1,restaurantsite.com
335,DDDD,335 Hosteter Avenue,5,3,$$,2,restaurantsite.com
336,EEEE,336 Hosteter Avenue,5,3,$$,3,restaurantsite.com
337,FFFF,337 Hosteter Avenue,5,3,$$$,1,restaurantsite.com
338,GGGG,338 Hosteter Avenue,5,3,$$$,2,restaurantsite.com
339,HHHH,339 Hosteter Avenue,5,3,$$$,3,restaurantsite.com
340,IIII,340 Hosteter Avenue,5,3,$$$$,1,restaurantsite.com
341,JJJJ,341 Hosteter Avenue,5,3,$$$$,2,restaurantsite.com
342,LLLL,342 Hosteter Avenue,5,3,$$$$,3,restaurantsite.com
343,MMMM,343 Hosteter Avenue,5,3,$$$$$,1,restaurantsite.com
344,NNNN,344 Hosteter Avenue,5,3,$$$$$,2,restaurantsite.com
345,OOOO,345 Hosteter Avenue,5,3,$$$$$,3,restaurantsite.com
346,PPPP,346 Hosteter Avenue,5,4,$,1,restaurantsite.com
347,QQQQ,347 Hosteter Avenue,5,4,$,2,restaurantsite.com
348,RRRR,348 Hosteter Avenue,5,4,$,3,restaurantsite.com
349,SSSS,349 Hosteter Avenue,5,4,$$,1,restaurantsite.com
350,TTTT,350 Hosteter Avenue,5,4,$$,2,restaurantsite.com
351,UUUU,351 Hosteter Avenue,5,4,$$,3,restaurantsite.com
352,VVVV,352 Hosteter Avenue,5,4,$$$,1,restaurantsite.com
353,WWWW,353 Hosteter Avenue,5,4,$$$,2,restaurantsite.com
354,XXXX,354 Hosteter Avenue,5,4,$$$,3,restaurantsite.com
355,YYYY,355 Hosteter Avenue,5,4,$$$$,1,restaurantsite.com
356,ZZZZ,356 Hosteter Avenue,5,4,$$$$,2,restaurantsite.com
357,AAAAA,357 Hosteter Avenue,5,4,$$$$,3,restaurantsite.com
358,BBBBB,358 Hosteter Avenue,5,4,$$$$$,1,restaurantsite.com
359,CCCCC,359 Hosteter Avenue,5,4,$$$$$,2,restaurantsite.com
360,DDDDD,360 Hosteter Avenue,5,4,$$$$$,3,restaurantsite.com
361,EEEEE,361 Hosteter Avenue,5,5,$,1,restaurantsite.com
362,FFFFF,362 Hosteter Avenue,5,5,$,2,restaurantsite.com
363,GGGGG,363 Hosteter Avenue,5,5,$,3,restaurantsite.com
364,HHHHH,364 Hosteter Avenue,5,5,$$,1,restaurantsite.com
365,IIIIII,365 Hosteter Avenue,5,5,$$,2,restaurantsite.com
366,JJJJJJ,366 Hosteter Avenue,5,5,$$,3,restaurantsite.com
367,LLLLL,367 Hosteter Avenue,5,5,$$$,1,restaurantsite.com
368,MMMMM,368 Hosteter Avenue,5,5,$$$,2,restaurantsite.com
369,NNNNN,369 Hosteter Avenue,5,5,$$$,3,restaurantsite.com
370,OOOOO,370 Hosteter Avenue,5,5,$$$$,1,restaurantsite.com
371,PPPPP,371 Hosteter Avenue,5,5,$$$$,2,restaurantsite.com
372,QQQQQ,372 Hosteter Avenue,5,5,$$$$,3,restaurantsite.com
373,RRRRR,373 Hosteter Avenue,5,5,$$$$$,1,restaurantsite.com
374,SSSSS,374 Hosteter Avenue,5,5,$$$$$,2,restaurantsite.com
375,TTTTT,375 Hosteter Avenue,5,5,$$$$$,3,restaurantsite.com